{"cameraMode":{"drawMode":0,"name":"Shaded","section":"Shading Mode"},"sceneLighting":false,"audioPlay":false,"sceneViewState":{"showFog":true,"showMaterialUpdate":false,"showSkybox":true,"showFlares":true,"showImageEffects":true,"showParticleSystems":true},"in2DMode":false,"pivot":{"x":250.16964721679688,"y":77.7623291015625,"z":658.0065307617188},"rotation":{"x":0.07062388211488724,"y":0.8795141577720642,"z":-0.13806264102458955,"w":0.4498954117298126},"size":209.12852478027345,"orthographic":false}