{"cameraMode":{"drawMode":0,"name":"Shaded","section":"Shading Mode"},"sceneLighting":true,"audioPlay":false,"sceneViewState":{"showFog":false,"showMaterialUpdate":false,"showSkybox":false,"showFlares":false,"showImageEffects":false,"showParticleSystems":false},"in2DMode":false,"pivot":{"x":3.3652164936065676,"y":1.6155935525894166,"z":-2.9571516513824465},"rotation":{"x":0.032606542110443118,"y":0.9647401571273804,"z":-0.2174634337425232,"w":0.14464795589447022},"size":3543.943359375,"orthographic":false}