{"cameraMode":{"drawMode":0,"name":"Shaded","section":"Shading Mode"},"sceneLighting":false,"audioPlay":false,"sceneViewState":{"showFog":true,"showMaterialUpdate":false,"showSkybox":true,"showFlares":true,"showImageEffects":true,"showParticleSystems":true},"in2DMode":false,"pivot":{"x":216.3444366455078,"y":67.14614868164063,"z":653.3834228515625},"rotation":{"x":0.04560251533985138,"y":-0.8365016579627991,"z":0.5415005683898926,"w":0.07044528424739838},"size":325.951416015625,"orthographic":false}