{"cameraMode":{"drawMode":0,"name":"Shaded","section":"Shading Mode"},"sceneLighting":false,"audioPlay":false,"sceneViewState":{"showFog":true,"showMaterialUpdate":false,"showSkybox":true,"showFlares":true,"showImageEffects":true,"showParticleSystems":true},"in2DMode":false,"pivot":{"x":251.60000610351563,"y":4.90000057220459,"z":-16.299999237060548},"rotation":{"x":-0.1304459422826767,"y":-0.1319458931684494,"z":-0.017518730834126474,"w":0.9824801683425903},"size":16.785205841064454,"orthographic":false}