{"cameraMode":{"drawMode":0,"name":"Shaded","section":"Shading Mode"},"sceneLighting":false,"audioPlay":false,"sceneViewState":{"showFog":true,"showMaterialUpdate":false,"showSkybox":true,"showFlares":true,"showImageEffects":true,"showParticleSystems":true},"in2DMode":false,"pivot":{"x":-0.00031498074531555176,"y":0.890381395816803,"z":0.038961008191108707},"rotation":{"x":-0.1304459422826767,"y":-0.1319458931684494,"z":-0.017518730834126474,"w":0.9824801683425903},"size":3.781183958053589,"orthographic":false}